INSERT INTO settings(id, company_id, ` key `, types, value)
VALUES (1, 0, 'company_name', 'company', NULL),
       (2, 0, 'company_logo', 'company', NULL),
       (3, 0, 'company_address', 'company', NULL),
       (4, 0, 'company_city', 'company', NULL),
       (5, 0, 'company_state', 'company', NULL),
       (6, 0, 'company_country', 'company', NULL),
       (7, 0, 'company_zip_code', 'company', NULL),
       (8, 0, 'company_phone', 'company', NULL),
       (9, 0, 'company_tax_number', 'company', NULL),
       (11, 0, 'company_website', 'company', NULL),
       (12, 0, 'company_email', 'company', NULL),
       (13, 0, 'company_bank_name', 'company', NULL),
       (14, 0, 'company_bank_branch', 'company', NULL),
       (15, 0, 'company_bank_address', 'company', NULL),
       (16, 0, 'company_bank_account_number', 'company', NULL),
       (17, 0, 'company_bank_account_name', 'company', NULL),
       (18, 0, 'company_bank_swift_code', 'company', NULL),
       (19, 0, 'email_mailer', 'email', NULL),
       (20, 0, 'email_host', 'email', NULL),
       (21, 0, 'email_port', 'email', NULL),
       (22, 0, 'email_username', 'email', NULL),
       (23, 0, 'email_password', 'email', NULL),
       (24, 0, 'email_encryption', 'email', NULL),
       (25, 0, 'email_mail_from', 'email', NULL),
       (26, 0, 'pdf_font_size', 'pdf', NULL),
       (27, 0, 'pdf_logo', 'pdf', NULL),
       (28, 0, 'pdf_logo_width', 'pdf', NULL),
       (29, 0, 'pdf_signature', 'pdf', NULL),
       (30, 0, 'pdf_signature_width', 'pdf', NULL),
       (31, 0, 'pdf_format_invoice', 'pdf', NULL),
       (32, 0, 'pdf_format_quotation', 'pdf', NULL),
       (33, 0, 'pdf_format_payment', 'pdf', NULL),
       (34, 0, 'pdf_format_statement', 'pdf', NULL),
       (35, 0, 'company_currency', 'company', NULL);


INSERT INTO permissions(id, name, menu_name, app_name, parent_id, icon, route_name, has_child, has_route, is_crud,
                        order_line, guard_name, created_at, updated_at)
VALUES (1, 'Settings-index', 'Settings', 'all', 0, 'mdi-cog', 'N', 'Y', 'N', 'N', '1', 'web', '2022-03-02 07:07:19',
        '2022-03-02 07:07:19'),
       (2, 'Permissions-index', 'Permissions', 'all', 1, NULL, '/dashboard/settings/permissions', 'N', 'Y', 'Y', '1.1',
        'web', '2022-03-02 07:08:10', '2022-03-04 01:50:16'),
       (3, 'Permissions-store', 'Permissions', 'all', 1, NULL, '/dashboard/settings/permissions', 'N', 'Y', 'Y', '1.1',
        'web', '2022-03-02 07:08:10', '2022-03-04 01:50:16'),
       (4, 'Permissions-edits', 'Permissions', 'all', 1, NULL, '/dashboard/settings/permissions', 'N', 'Y', 'Y', '1.1',
        'web', '2022-03-02 07:08:10', '2022-03-04 01:50:16'),
       (5, 'Permissions-erase', 'Permissions', 'all', 1, NULL, '/dashboard/settings/permissions', 'N', 'Y', 'Y', '1.1',
        'web', '2022-03-02 07:08:10', '2022-03-04 01:50:16'),
       (6, 'Roles-index', 'Roles', 'all', 1, NULL, '/dashboard/settings/roles', 'N', 'Y', 'Y', '1.2', 'web',
        '2022-03-02 07:08:45', '2022-03-02 07:08:45'),
       (7, 'Roles-store', 'Roles', 'all', 1, NULL, '/dashboard/settings/roles', 'N', 'Y', 'Y', '1.2', 'web',
        '2022-03-02 07:08:45', '2022-03-02 07:08:45'),
       (8, 'Roles-edits', 'Roles', 'all', 1, NULL, '/dashboard/settings/roles', 'N', 'Y', 'Y', '1.2', 'web',
        '2022-03-02 07:08:45', '2022-03-02 07:08:45'),
       (9, 'Roles-erase', 'Roles', 'all', 1, NULL, '/dashboard/settings/roles', 'N', 'Y', 'Y', '1.2', 'web',
        '2022-03-02 07:08:45', '2022-03-02 07:08:45'),
       (10, 'Users-index', 'Users', 'all', 1, NULL, '/dashboard/users', 'N', 'Y', 'Y', '1.3', 'web',
        '2022-03-04 01:24:00', '2022-03-04 01:24:00'),
       (11, 'Users-store', 'Users', 'all', 1, NULL, '/dashboard/users', 'N', 'Y', 'Y', '1.3', 'web',
        '2022-03-04 01:24:00', '2022-03-04 01:24:00'),
       (12, 'Users-edits', 'Users', 'all', 1, NULL, '/dashboard/users', 'N', 'Y', 'Y', '1.3', 'web',
        '2022-03-04 01:24:00', '2022-03-04 01:24:00'),
       (13, 'Users-erase', 'Users', 'all', 1, NULL, '/dashboard/users', 'N', 'Y', 'Y', '1.3', 'web',
        '2022-03-04 01:24:00', '2022-03-04 01:24:00'),
       (14, 'Sales-index', 'Sales', 'all', 0, 'mdi-sale', 'N', 'Y', 'N', 'N', '2', 'web', '2022-03-04 02:01:39',
        '2022-03-04 02:01:39'),
       (15, 'Sales Quotations-index', 'Sales Quotations', 'all', 14, NULL, '/dashboard/sales/quote', 'N', 'Y', 'Y',
        '2.1', 'web', '2022-03-04 02:03:45', '2022-03-04 02:21:47'),
       (16, 'Sales Quotations-store', 'Sales Quotations', 'all', 14, NULL, '/dashboard/sales/quote', 'N', 'Y', 'Y',
        '2.1', 'web', '2022-03-04 02:03:45', '2022-03-04 02:21:47'),
       (17, 'Sales Quotations-edits', 'Sales Quotations', 'all', 14, NULL, '/dashboard/sales/quote', 'N', 'Y', 'Y',
        '2.1', 'web', '2022-03-04 02:03:45', '2022-03-04 02:21:48'),
       (18, 'Sales Quotations-erase', 'Sales Quotations', 'all', 14, NULL, '/dashboard/sales/quote', 'N', 'Y', 'Y',
        '2.1', 'web', '2022-03-04 02:03:45', '2022-03-04 02:21:48'),
       (19, 'Sales Order-index', 'Sales Order', 'all', 14, NULL, '/dashboard/sales/order', 'N', 'Y', 'Y', '2.2', 'web',
        '2022-03-04 02:04:16', '2022-03-04 02:04:16'),
       (20, 'Sales Order-store', 'Sales Order', 'all', 14, NULL, '/dashboard/sales/order', 'N', 'Y', 'Y', '2.2', 'web',
        '2022-03-04 02:04:16', '2022-03-04 02:04:16'),
       (21, 'Sales Order-edits', 'Sales Order', 'all', 14, NULL, '/dashboard/sales/order', 'N', 'Y', 'Y', '2.2', 'web',
        '2022-03-04 02:04:16', '2022-03-04 02:04:16'),
       (22, 'Sales Order-erase', 'Sales Order', 'all', 14, NULL, '/dashboard/sales/order', 'N', 'Y', 'Y', '2.2', 'web',
        '2022-03-04 02:04:16', '2022-03-04 02:04:16'),
       (23, 'Delivery-index', 'Delivery', 'all', 14, NULL, '/dashboard/sales/delivery', 'N', 'Y', 'Y', '2.3', 'web',
        '2022-03-04 02:06:23', '2022-03-04 02:57:30'),
       (24, 'Delivery-store', 'Delivery', 'all', 14, NULL, '/dashboard/sales/delivery', 'N', 'Y', 'Y', '2.3', 'web',
        '2022-03-04 02:06:23', '2022-03-04 02:57:30'),
       (25, 'Delivery-edits', 'Delivery', 'all', 14, NULL, '/dashboard/sales/delivery', 'N', 'Y', 'Y', '2.3', 'web',
        '2022-03-04 02:06:23', '2022-03-04 02:57:30'),
       (26, 'Delivery-erase', 'Delivery', 'all', 14, NULL, '/dashboard/sales/delivery', 'N', 'Y', 'Y', '2.3', 'web',
        '2022-03-04 02:06:23', '2022-03-04 02:57:31'),
       (27, 'A/R Invoice-index', 'A/R Invoice', 'all', 14, NULL, '/dashboard/sales/invoice', 'N', 'Y', 'Y', '2.4',
        'web', '2022-03-04 02:07:56', '2022-03-04 02:57:51'),
       (28, 'A/R Invoice-store', 'A/R Invoice', 'all', 14, NULL, '/dashboard/sales/invoice', 'N', 'Y', 'Y', '2.4',
        'web', '2022-03-04 02:07:56', '2022-03-04 02:57:51'),
       (29, 'A/R Invoice-edits', 'A/R Invoice', 'all', 14, NULL, '/dashboard/sales/invoice', 'N', 'Y', 'Y', '2.4',
        'web', '2022-03-04 02:07:56', '2022-03-04 02:57:51'),
       (30, 'A/R Invoice-erase', 'A/R Invoice', 'all', 14, NULL, '/dashboard/sales/invoice', 'N', 'Y', 'Y', '2.4',
        'web', '2022-03-04 02:07:56', '2022-03-04 02:57:51'),
       (31, 'Purchasing-index', 'Purchasing', 'all', 0, 'mdi-cart', 'N', 'Y', 'N', 'N', '3', 'web',
        '2022-03-04 02:12:46', '2022-03-04 02:12:46'),
       (32, 'Purchase Quotation-index', 'Purchase Quotation', 'all', 31, NULL, '/dashboard/purchase/quote', 'N', 'Y',
        'Y', '3.1', 'web', '2022-03-04 02:21:29', '2022-03-04 02:21:29'),
       (33, 'Purchase Quotation-store', 'Purchase Quotation', 'all', 31, NULL, '/dashboard/purchase/quote', 'N', 'Y',
        'Y', '3.1', 'web', '2022-03-04 02:21:29', '2022-03-04 02:21:29'),
       (34, 'Purchase Quotation-edits', 'Purchase Quotation', 'all', 31, NULL, '/dashboard/purchase/quote', 'N', 'Y',
        'Y', '3.1', 'web', '2022-03-04 02:21:29', '2022-03-04 02:21:29'),
       (35, 'Purchase Quotation-erase', 'Purchase Quotation', 'all', 31, NULL, '/dashboard/purchase/quote', 'N', 'Y',
        'Y', '3.1', 'web', '2022-03-04 02:21:29', '2022-03-04 02:21:29'),
       (36, 'Purchase Order-index', 'Purchase Order', 'all', 31, NULL, '/dashboard/purchase/order', 'N', 'Y', 'Y',
        '3.1', 'web', '2022-03-04 02:26:28', '2022-03-04 02:26:28'),
       (37, 'Purchase Order-store', 'Purchase Order', 'all', 31, NULL, '/dashboard/purchase/order', 'N', 'Y', 'Y',
        '3.1', 'web', '2022-03-04 02:26:28', '2022-03-04 02:26:28'),
       (38, 'Purchase Order-edits', 'Purchase Order', 'all', 31, NULL, '/dashboard/purchase/order', 'N', 'Y', 'Y',
        '3.1', 'web', '2022-03-04 02:26:28', '2022-03-04 02:26:28'),
       (39, 'Purchase Order-erase', 'Purchase Order', 'all', 31, NULL, '/dashboard/purchase/order', 'N', 'Y', 'Y',
        '3.1', 'web', '2022-03-04 02:26:28', '2022-03-04 02:26:28'),
       (40, 'Goods Receipt-index', 'Goods Receipt', 'all', 31, NULL, '/dashboard/purchase/receipt', 'N', 'Y', 'Y',
        '3.3', 'web', '2022-03-04 02:27:05', '2022-03-04 03:00:48'),
       (41, 'Goods Receipt-store', 'Goods Receipt', 'all', 31, NULL, '/dashboard/purchase/receipt', 'N', 'Y', 'Y',
        '3.3', 'web', '2022-03-04 02:27:05', '2022-03-04 03:00:48'),
       (42, 'Goods Receipt-edits', 'Goods Receipt', 'all', 31, NULL, '/dashboard/purchase/receipt', 'N', 'Y', 'Y',
        '3.3', 'web', '2022-03-04 02:27:05', '2022-03-04 03:00:48'),
       (43, 'Goods Receipt-erase', 'Goods Receipt', 'all', 31, NULL, '/dashboard/purchase/receipt', 'N', 'Y', 'Y',
        '3.3', 'web', '2022-03-04 02:27:05', '2022-03-04 03:00:48'),
       (44, 'A/P Invoice-index', 'A/P Invoice', 'all', 31, NULL, '/dashboard/purchase/invoice', 'N', 'Y', 'Y', '3.4',
        'web', '2022-03-04 02:27:47', '2022-03-04 03:01:09'),
       (45, 'A/P Invoice-store', 'A/P Invoice', 'all', 31, NULL, '/dashboard/purchase/invoice', 'N', 'Y', 'Y', '3.4',
        'web', '2022-03-04 02:27:47', '2022-03-04 03:01:09'),
       (46, 'A/P Invoice-edits', 'A/P Invoice', 'all', 31, NULL, '/dashboard/purchase/invoice', 'N', 'Y', 'Y', '3.4',
        'web', '2022-03-04 02:27:48', '2022-03-04 03:01:09'),
       (47, 'A/P Invoice-erase', 'A/P Invoice', 'all', 31, NULL, '/dashboard/purchase/invoice', 'N', 'Y', 'Y', '3.4',
        'web', '2022-03-04 02:27:48', '2022-03-04 03:01:09'),
       (48, 'Incoming Payment-index', 'Incoming Payment', 'all', 14, NULL, '/dashboard/sales/payment', 'N', 'Y', 'Y',
        '2.5', 'web', '2022-03-04 02:58:44', '2022-03-04 02:58:44'),
       (49, 'Incoming Payment-store', 'Incoming Payment', 'all', 14, NULL, '/dashboard/sales/payment', 'N', 'Y', 'Y',
        '2.5', 'web', '2022-03-04 02:58:44', '2022-03-04 02:58:44'),
       (50, 'Incoming Payment-edits', 'Incoming Payment', 'all', 14, NULL, '/dashboard/sales/payment', 'N', 'Y', 'Y',
        '2.5', 'web', '2022-03-04 02:58:44', '2022-03-04 02:58:44'),
       (51, 'Incoming Payment-erase', 'Incoming Payment', 'all', 14, NULL, '/dashboard/sales/payment', 'N', 'Y', 'Y',
        '2.5', 'web', '2022-03-04 02:58:44', '2022-03-04 02:58:44'),
       (52, 'Outgoing Payment-index', 'Outgoing Payment', 'all', 31, NULL, '/dashboard/purchase/payment', 'N', 'Y', 'Y',
        '3.5', 'web', '2022-03-04 03:02:00', '2022-03-04 03:02:00'),
       (53, 'Outgoing Payment-store', 'Outgoing Payment', 'all', 31, NULL, '/dashboard/purchase/payment', 'N', 'Y', 'Y',
        '3.5', 'web', '2022-03-04 03:02:00', '2022-03-04 03:02:00'),
       (54, 'Outgoing Payment-edits', 'Outgoing Payment', 'all', 31, NULL, '/dashboard/purchase/payment', 'N', 'Y', 'Y',
        '3.5', 'web', '2022-03-04 03:02:00', '2022-03-04 03:02:00'),
       (55, 'Outgoing Payment-erase', 'Outgoing Payment', 'all', 31, NULL, '/dashboard/purchase/payment', 'N', 'Y', 'Y',
        '3.5', 'web', '2022-03-04 03:02:01', '2022-03-04 03:02:01'),
       (56, 'Inventory-index', 'Inventory', 'all', 0, 'mdi-briefcase-outline', 'N', 'Y', 'N', 'N', '4', 'web',
        '2022-03-04 03:07:24', '2022-03-04 03:07:24'),
       (57, 'Contacts-index', 'Contacts', 'all', 56, NULL, '/dashboard/inventory/contact', 'N', 'Y', 'Y', '4.1', 'web',
        '2022-03-04 03:08:17', '2022-03-04 03:08:17'),
       (58, 'Contacts-store', 'Contacts', 'all', 56, NULL, '/dashboard/inventory/contact', 'N', 'Y', 'Y', '4.1', 'web',
        '2022-03-04 03:08:17', '2022-03-04 03:08:17'),
       (59, 'Contacts-edits', 'Contacts', 'all', 56, NULL, '/dashboard/inventory/contact', 'N', 'Y', 'Y', '4.1', 'web',
        '2022-03-04 03:08:17', '2022-03-04 03:08:17'),
       (60, 'Contacts-erase', 'Contacts', 'all', 56, NULL, '/dashboard/inventory/contact', 'N', 'Y', 'Y', '4.1', 'web',
        '2022-03-04 03:08:17', '2022-03-04 03:08:17'),
       (61, 'Products-index', 'Products', 'all', 56, NULL, '/dashboard/inventory/products', 'N', 'Y', 'Y', '4.2', 'web',
        '2022-03-04 03:09:00', '2022-03-04 03:09:00'),
       (62, 'Products-store', 'Products', 'all', 56, NULL, '/dashboard/inventory/products', 'N', 'Y', 'Y', '4.2', 'web',
        '2022-03-04 03:09:01', '2022-03-04 03:09:01'),
       (63, 'Products-edits', 'Products', 'all', 56, NULL, '/dashboard/inventory/products', 'N', 'Y', 'Y', '4.2', 'web',
        '2022-03-04 03:09:01', '2022-03-04 03:09:01'),
       (64, 'Products-erase', 'Products', 'all', 56, NULL, '/dashboard/inventory/products', 'N', 'Y', 'Y', '4.2', 'web',
        '2022-03-04 03:09:01', '2022-03-04 03:09:01'),
       (65, 'Other Settings-index', 'Other Settings', 'all', 1, NULL, '/dashboard/settings/setup', 'N', 'Y', 'N', '1.4',
        'web', '2022-03-04 03:17:48', '2022-03-04 03:17:48'),
       (66, 'Financial-index', 'Financial', 'all', 0, 'mdi-finance', 'N', 'Y', 'N', 'N', '5', 'web',
        '2022-03-04 03:20:21', '2022-03-04 03:34:18'),
       (67, 'Chart Of Accounts-index', 'Chart Of Accounts', 'all', 66, NULL, '/dashboard/financial/account', 'N', 'Y',
        'Y', '5.1', 'web', '2022-03-04 03:21:10', '2022-03-04 04:12:30'),
       (68, 'Chart Of Accounts-store', 'Chart Of Accounts', 'all', 66, NULL, '/dashboard/financial/account', 'N', 'Y',
        'Y', '5.1', 'web', '2022-03-04 03:21:10', '2022-03-04 04:12:30'),
       (69, 'Chart Of Accounts-edits', 'Chart Of Accounts', 'all', 66, NULL, '/dashboard/financial/account', 'N', 'Y',
        'Y', '5.1', 'web', '2022-03-04 03:21:10', '2022-03-04 04:12:30'),
       (70, 'Chart Of Accounts-erase', 'Chart Of Accounts', 'all', 66, NULL, '/dashboard/financial/account', 'N', 'Y',
        'Y', '5.1', 'web', '2022-03-04 03:21:10', '2022-03-04 04:12:30'),
       (71, 'Cash & Bank-index', 'Cash & Bank', 'all', 66, NULL, '/dashboard/financial/cash', 'N', 'Y', 'Y', '5.2',
        'web', '2022-03-04 03:22:02', '2022-03-04 04:12:21'),
       (72, 'Cash & Bank-store', 'Cash & Bank', 'all', 66, NULL, '/dashboard/financial/cash', 'N', 'Y', 'Y', '5.2',
        'web', '2022-03-04 03:22:02', '2022-03-04 04:12:21'),
       (73, 'Cash & Bank-edits', 'Cash & Bank', 'all', 66, NULL, '/dashboard/financial/cash', 'N', 'Y', 'Y', '5.2',
        'web', '2022-03-04 03:22:02', '2022-03-04 04:12:21'),
       (74, 'Cash & Bank-erase', 'Cash & Bank', 'all', 66, NULL, '/dashboard/financial/cash', 'N', 'Y', 'Y', '5.2',
        'web', '2022-03-04 03:22:02', '2022-03-04 04:12:22'),
       (75, 'Reports-index', 'Reports', 'all', 0, 'mdi-file-document', 'N', 'Y', 'N', 'N', '6', 'web',
        '2022-03-04 03:24:11', '2022-03-04 03:24:11'),
       (76, 'Report Lists-index', 'Report Lists', 'all', 75, NULL, '/dashboard/reports', 'N', 'Y', 'N', '6.1', 'web',
        '2022-03-04 03:24:58', '2022-03-04 03:24:58'),
       (77, 'Expenses-index', 'Expenses', 'all', 66, NULL, '/dashboard/financial/expense', 'N', 'Y', 'Y', '5.3', 'web',
        '2022-03-04 03:34:02', '2022-03-04 03:34:02'),
       (78, 'Expenses-store', 'Expenses', 'all', 66, NULL, '/dashboard/financial/expense', 'N', 'Y', 'Y', '5.3', 'web',
        '2022-03-04 03:34:02', '2022-03-04 03:34:02'),
       (79, 'Expenses-edits', 'Expenses', 'all', 66, NULL, '/dashboard/financial/expense', 'N', 'Y', 'Y', '5.3', 'web',
        '2022-03-04 03:34:02', '2022-03-04 03:34:02'),
       (80, 'Expenses-erase', 'Expenses', 'all', 66, NULL, '/dashboard/financial/expense', 'N', 'Y', 'Y', '5.3', 'web',
        '2022-03-04 03:34:03', '2022-03-04 03:34:03'),
       (81, 'Period End Closing-index', 'Period End Closing', 'all', 66, NULL, '/dashboard/financial/closing', 'N', 'Y',
        'Y', '5.4', 'web', '2022-03-04 06:41:47', '2022-03-04 06:41:47'),
       (82, 'Period End Closing-store', 'Period End Closing', 'all', 66, NULL, '/dashboard/financial/closing', 'N', 'Y',
        'Y', '5.4', 'web', '2022-03-04 06:41:47', '2022-03-04 06:41:47'),
       (83, 'Period End Closing-edits', 'Period End Closing', 'all', 66, NULL, '/dashboard/financial/closing', 'N', 'Y',
        'Y', '5.4', 'web', '2022-03-04 06:41:47', '2022-03-04 06:41:47'),
       (84, 'Period End Closing-erase', 'Period End Closing', 'all', 66, NULL, '/dashboard/financial/closing', 'N', 'Y',
        'Y', '5.4', 'web', '2022-03-04 06:41:47', '2022-03-04 06:41:47');


INSERT INTO roles(id, name, description, guard_name, created_at, updated_at)
VALUES (1, 'Superuser', 'Superuser', 'web', '2022-03-02 03:08:44', '2022-03-02 03:08:44'),
       (2, 'Customer', 'Customer', 'web', '2022-03-02 03:08:54', '2022-03-02 03:08:54'),
       (3, 'Admin', 'Admin', 'web', '2022-03-02 03:09:03', '2022-03-02 03:09:03');

INSERT INTO model_has_permissions(permission_id, model_type, model_id)
VALUES (1, 'App\\Models\\User', 1),
       (2, 'App\\Models\\User', 1),
       (3, 'App\\Models\\User', 1),
       (4, 'App\\Models\\User', 1),
       (5, 'App\\Models\\User', 1),
       (6, 'App\\Models\\User', 1),
       (7, 'App\\Models\\User', 1),
       (8, 'App\\Models\\User', 1),
       (9, 'App\\Models\\User', 1),
       (10, 'App\\Models\\User', 1),
       (11, 'App\\Models\\User', 1),
       (12, 'App\\Models\\User', 1),
       (13, 'App\\Models\\User', 1),
       (14, 'App\\Models\\User', 1),
       (15, 'App\\Models\\User', 1),
       (16, 'App\\Models\\User', 1),
       (17, 'App\\Models\\User', 1),
       (18, 'App\\Models\\User', 1),
       (23, 'App\\Models\\User', 1),
       (24, 'App\\Models\\User', 1),
       (25, 'App\\Models\\User', 1),
       (26, 'App\\Models\\User', 1),
       (27, 'App\\Models\\User', 1),
       (28, 'App\\Models\\User', 1),
       (29, 'App\\Models\\User', 1),
       (30, 'App\\Models\\User', 1),
       (31, 'App\\Models\\User', 1),
       (32, 'App\\Models\\User', 1),
       (33, 'App\\Models\\User', 1),
       (34, 'App\\Models\\User', 1),
       (35, 'App\\Models\\User', 1),
       (36, 'App\\Models\\User', 1),
       (37, 'App\\Models\\User', 1),
       (38, 'App\\Models\\User', 1),
       (39, 'App\\Models\\User', 1),
       (40, 'App\\Models\\User', 1),
       (41, 'App\\Models\\User', 1),
       (42, 'App\\Models\\User', 1),
       (43, 'App\\Models\\User', 1),
       (44, 'App\\Models\\User', 1),
       (45, 'App\\Models\\User', 1),
       (46, 'App\\Models\\User', 1),
       (47, 'App\\Models\\User', 1),
       (48, 'App\\Models\\User', 1),
       (49, 'App\\Models\\User', 1),
       (50, 'App\\Models\\User', 1),
       (51, 'App\\Models\\User', 1),
       (52, 'App\\Models\\User', 1),
       (53, 'App\\Models\\User', 1),
       (54, 'App\\Models\\User', 1),
       (55, 'App\\Models\\User', 1),
       (56, 'App\\Models\\User', 1),
       (57, 'App\\Models\\User', 1),
       (58, 'App\\Models\\User', 1),
       (59, 'App\\Models\\User', 1),
       (60, 'App\\Models\\User', 1),
       (61, 'App\\Models\\User', 1),
       (62, 'App\\Models\\User', 1),
       (63, 'App\\Models\\User', 1),
       (64, 'App\\Models\\User', 1),
       (65, 'App\\Models\\User', 1),
       (66, 'App\\Models\\User', 1),
       (67, 'App\\Models\\User', 1),
       (68, 'App\\Models\\User', 1),
       (69, 'App\\Models\\User', 1),
       (70, 'App\\Models\\User', 1),
       (71, 'App\\Models\\User', 1),
       (72, 'App\\Models\\User', 1),
       (73, 'App\\Models\\User', 1),
       (74, 'App\\Models\\User', 1),
       (75, 'App\\Models\\User', 1),
       (76, 'App\\Models\\User', 1),
       (77, 'App\\Models\\User', 1),
       (78, 'App\\Models\\User', 1),
       (79, 'App\\Models\\User', 1),
       (80, 'App\\Models\\User', 1),
       (81, 'App\\Models\\User', 1),
       (82, 'App\\Models\\User', 1),
       (83, 'App\\Models\\User', 1),
       (84, 'App\\Models\\User', 1);

INSERT INTO model_has_roles(role_id, model_type, model_id)
VALUES (1, 'App\\Models\\User', 1);


INSERT INTO role_has_permissions(permission_id, role_id)
VALUES (1, 1),
       (2, 1),
       (3, 1),
       (4, 1),
       (5, 1),
       (6, 1),
       (7, 1),
       (8, 1),
       (9, 1),
       (10, 1),
       (11, 1),
       (12, 1),
       (13, 1),
       (14, 1),
       (15, 1),
       (16, 1),
       (17, 1),
       (18, 1),
       (23, 1),
       (24, 1),
       (25, 1),
       (26, 1),
       (27, 1),
       (28, 1),
       (29, 1),
       (30, 1),
       (31, 1),
       (32, 1),
       (33, 1),
       (34, 1),
       (35, 1),
       (36, 1),
       (37, 1),
       (38, 1),
       (39, 1),
       (40, 1),
       (41, 1),
       (42, 1),
       (43, 1),
       (44, 1),
       (45, 1),
       (46, 1),
       (47, 1),
       (48, 1),
       (49, 1),
       (50, 1),
       (51, 1),
       (52, 1),
       (53, 1),
       (54, 1),
       (55, 1),
       (56, 1),
       (57, 1),
       (58, 1),
       (59, 1),
       (60, 1),
       (61, 1),
       (62, 1),
       (63, 1),
       (64, 1),
       (65, 1),
       (66, 1),
       (67, 1),
       (68, 1),
       (69, 1),
       (70, 1),
       (71, 1),
       (72, 1),
       (73, 1),
       (74, 1),
       (75, 1),
       (76, 1),
       (77, 1),
       (78, 1),
       (79, 1),
       (80, 1),
       (81, 1),
       (82, 1),
       (83, 1),
       (84, 1);
